Color,Observed,Expected,O-E,(O - E)^2 / E
Red,646,498.4,147.6,43.71139647
Blue,639,498.4,140.6,39.66364366
Yellow,404,498.4,-94.4,17.87993579
Green,423,498.4,-75.4,11.40682183
Orange,380,498.4,-118.4,28.12712681